Type,Name,Request Count,Failure Count,Median Response Time,Average Response Time,Min Response Time,Max Response Time,Average Content Size,Requests/s,Failures/s,50%,66%,75%,80%,90%,95%,98%,99%,99.9%,99.99%,100%
GET,/,134,1,6,134.30719179027008,2.8319999983068556,7398.829899990233,63.52238805970149,4.5359033190045555,0.03385002476869071,6,7,10,11,570,590,900,980,7400,7400,7400
GET,/analytics/heatmap?workspace_id=ws-04d153a1,2,0,6,6.642250002187211,5.945700002484955,7.338800001889467,481.0,0.06770004953738142,0.0,7,7,7,7,7,7,7,7,7,7,7
GET,/analytics/heatmap?workspace_id=ws-06ec755c,2,0,6,6.933100004971493,5.619100003968924,8.247100005974062,481.0,0.06770004953738142,0.0,8,8,8,8,8,8,8,8,8,8,8
GET,/analytics/heatmap?workspace_id=ws-0fd28c26,1,0,7.833399999071844,7.833399999071844,7.833399999071844,7.833399999071844,481.0,0.03385002476869071,0.0,8,8,8,8,8,8,8,8,8,8,8
GET,/analytics/heatmap?workspace_id=ws-10486249,3,0,23,227.63376666989643,8.18799999251496,651.8652000086149,481.0,0.10155007430607213,0.0,23,23,650,650,650,650,650,650,650,650,650
GET,/analytics/heatmap?workspace_id=ws-17367c2e,1,0,64.95430000359192,64.95430000359192,64.95430000359192,64.95430000359192,481.0,0.03385002476869071,0.0,65,65,65,65,65,65,65,65,65,65,65
GET,/analytics/heatmap?workspace_id=ws-216e3b4d,1,0,9.449099990888499,9.449099990888499,9.449099990888499,9.449099990888499,481.0,0.03385002476869071,0.0,9,9,9,9,9,9,9,9,9,9,9
GET,/analytics/heatmap?workspace_id=ws-2520f839,1,0,5.8982000045944005,5.8982000045944005,5.8982000045944005,5.8982000045944005,481.0,0.03385002476869071,0.0,6,6,6,6,6,6,6,6,6,6,6
GET,/analytics/heatmap?workspace_id=ws-2b0a3ffd,1,0,10.802100005093962,10.802100005093962,10.802100005093962,10.802100005093962,481.0,0.03385002476869071,0.0,11,11,11,11,11,11,11,11,11,11,11
GET,/analytics/heatmap?workspace_id=ws-2bdca799,1,0,12.154199997894466,12.154199997894466,12.154199997894466,12.154199997894466,481.0,0.03385002476869071,0.0,12,12,12,12,12,12,12,12,12,12,12
GET,/analytics/heatmap?workspace_id=ws-39c6ea01,1,0,18.87029998761136,18.87029998761136,18.87029998761136,18.87029998761136,481.0,0.03385002476869071,0.0,19,19,19,19,19,19,19,19,19,19,19
GET,/analytics/heatmap?workspace_id=ws-518c890e,1,0,9.424200005014427,9.424200005014427,9.424200005014427,9.424200005014427,481.0,0.03385002476869071,0.0,9,9,9,9,9,9,9,9,9,9,9
GET,/analytics/heatmap?workspace_id=ws-610d8013,1,0,13.157099994714372,13.157099994714372,13.157099994714372,13.157099994714372,481.0,0.03385002476869071,0.0,13,13,13,13,13,13,13,13,13,13,13
GET,/analytics/heatmap?workspace_id=ws-6440dfa7,3,0,7,205.75816666435762,6.534299987833947,603.9696999941953,481.0,0.10155007430607213,0.0,7,7,600,600,600,600,600,600,600,600,600
GET,/analytics/heatmap?workspace_id=ws-8ba37e60,1,0,644.6783999999752,644.6783999999752,644.6783999999752,644.6783999999752,481.0,0.03385002476869071,0.0,640,640,640,640,640,640,640,640,640,640,640
GET,/analytics/heatmap?workspace_id=ws-a30c1f5c,4,0,9,168.13352500321344,4.829800003790297,650.0642000028165,481.0,0.13540009907476283,0.0,9,9,650,650,650,650,650,650,650,650,650
GET,/analytics/heatmap?workspace_id=ws-a3e42319,2,0,5.2687999996123835,6.569450000824872,5.2687999996123835,7.870100002037361,481.0,0.06770004953738142,0.0,8,8,8,8,8,8,8,8,8,8,8
GET,/analytics/heatmap?workspace_id=ws-ad3b55ee,1,0,5.988000004435889,5.988000004435889,5.988000004435889,5.988000004435889,481.0,0.03385002476869071,0.0,6,6,6,6,6,6,6,6,6,6,6
GET,/analytics/heatmap?workspace_id=ws-af61a297,1,0,19.918699996196665,19.918699996196665,19.918699996196665,19.918699996196665,481.0,0.03385002476869071,0.0,20,20,20,20,20,20,20,20,20,20,20
GET,/analytics/heatmap?workspace_id=ws-b9ab339b,2,0,5,8.120850005070679,4.709800006821752,11.531900003319606,481.0,0.06770004953738142,0.0,12,12,12,12,12,12,12,12,12,12,12
GET,/analytics/heatmap?workspace_id=ws-bb27463f,3,0,8,9.083133336389437,6.508500009658746,12.427900001057424,481.0,0.10155007430607213,0.0,8,8,12,12,12,12,12,12,12,12,12
GET,/analytics/heatmap?workspace_id=ws-bd712406,1,0,7.000500001595356,7.000500001595356,7.000500001595356,7.000500001595356,481.0,0.03385002476869071,0.0,7,7,7,7,7,7,7,7,7,7,7
GET,/analytics/heatmap?workspace_id=ws-c0ceab4b,1,0,7.232300005853176,7.232300005853176,7.232300005853176,7.232300005853176,481.0,0.03385002476869071,0.0,7,7,7,7,7,7,7,7,7,7,7
GET,/analytics/heatmap?workspace_id=ws-c56212cf,4,0,6,8.883024998795008,5.231500006630085,18.077499989885837,481.0,0.13540009907476283,0.0,7,7,18,18,18,18,18,18,18,18,18
GET,/analytics/heatmap?workspace_id=ws-cb63a320,1,0,8.005399999092333,8.005399999092333,8.005399999092333,8.005399999092333,481.0,0.03385002476869071,0.0,8,8,8,8,8,8,8,8,8,8,8
GET,/analytics/heatmap?workspace_id=ws-cd2582f4,1,0,11.215299993637018,11.215299993637018,11.215299993637018,11.215299993637018,481.0,0.03385002476869071,0.0,11,11,11,11,11,11,11,11,11,11,11
GET,/analytics/heatmap?workspace_id=ws-ce242896,2,0,7,7.370399995124899,6.999699995503761,7.741099994746037,481.0,0.06770004953738142,0.0,8,8,8,8,8,8,8,8,8,8,8
GET,/analytics/heatmap?workspace_id=ws-dc1834a3,2,0,5,8.418899997195695,4.922499996609986,11.915299997781403,481.0,0.06770004953738142,0.0,12,12,12,12,12,12,12,12,12,12,12
GET,/analytics/heatmap?workspace_id=ws-e5a27a77,2,0,9.072300003026612,9.468600001127925,9.072300003026612,9.864899999229237,481.0,0.06770004953738142,0.0,10,10,10,10,10,10,10,10,10,10,10
GET,/analytics/heatmap?workspace_id=ws-e93a3e95,2,0,6.366000001435168,7.3822500053211115,6.366000001435168,8.398500009207055,481.0,0.06770004953738142,0.0,8,8,8,8,8,8,8,8,8,8,8
GET,/analytics/heatmap?workspace_id=ws-eb5ad9ff,1,0,18.490999995265156,18.490999995265156,18.490999995265156,18.490999995265156,481.0,0.03385002476869071,0.0,18,18,18,18,18,18,18,18,18,18,18
GET,/analytics/heatmap?workspace_id=ws-fe39d105,1,0,10.268099998938851,10.268099998938851,10.268099998938851,10.268099998938851,481.0,0.03385002476869071,0.0,10,10,10,10,10,10,10,10,10,10,10
GET,/analytics/wla?workspace_id=ws-04d153a1,1,0,6.859200002509169,6.859200002509169,6.859200002509169,6.859200002509169,306.0,0.03385002476869071,0.0,7,7,7,7,7,7,7,7,7,7,7
GET,/analytics/wla?workspace_id=ws-06ec755c,1,0,8.709299989277497,8.709299989277497,8.709299989277497,8.709299989277497,306.0,0.03385002476869071,0.0,9,9,9,9,9,9,9,9,9,9,9
GET,/analytics/wla?workspace_id=ws-07098149,4,0,5,7.631374999618856,4.142299992963672,13.031900001806207,306.0,0.13540009907476283,0.0,8,8,13,13,13,13,13,13,13,13,13
GET,/analytics/wla?workspace_id=ws-0fd28c26,1,0,9.403400006704032,9.403400006704032,9.403400006704032,9.403400006704032,306.0,0.03385002476869071,0.0,9,9,9,9,9,9,9,9,9,9,9
GET,/analytics/wla?workspace_id=ws-10486249,1,0,10.080899999593385,10.080899999593385,10.080899999593385,10.080899999593385,306.0,0.03385002476869071,0.0,10,10,10,10,10,10,10,10,10,10,10
GET,/analytics/wla?workspace_id=ws-1b3e66e2,2,0,5,8.047600007557776,4.802900002687238,11.292300012428313,306.0,0.06770004953738142,0.0,11,11,11,11,11,11,11,11,11,11,11
GET,/analytics/wla?workspace_id=ws-216e3b4d,1,0,933.1353000015952,933.1353000015952,933.1353000015952,933.1353000015952,306.0,0.03385002476869071,0.0,930,930,930,930,930,930,930,930,930,930,930
GET,/analytics/wla?workspace_id=ws-2964316b,2,0,5,309.0457999933278,4.755799993290566,613.3357999933651,306.0,0.06770004953738142,0.0,610,610,610,610,610,610,610,610,610,610,610
GET,/analytics/wla?workspace_id=ws-2b0a3ffd,2,0,8.458700001938269,13.338750002731103,8.458700001938269,18.21880000352394,306.0,0.06770004953738142,0.0,18,18,18,18,18,18,18,18,18,18,18
GET,/analytics/wla?workspace_id=ws-2bdca799,1,0,17.131400003563613,17.131400003563613,17.131400003563613,17.131400003563613,306.0,0.03385002476869071,0.0,17,17,17,17,17,17,17,17,17,17,17
GET,/analytics/wla?workspace_id=ws-518c890e,2,0,6.184699988807552,6.239499998628162,6.184699988807552,6.294300008448772,306.0,0.06770004953738142,0.0,6,6,6,6,6,6,6,6,6,6,6
GET,/analytics/wla?workspace_id=ws-6440dfa7,2,0,4.378300000098534,7.1479999969596975,4.378300000098534,9.917699993820861,306.0,0.06770004953738142,0.0,10,10,10,10,10,10,10,10,10,10,10
GET,/analytics/wla?workspace_id=ws-8c84b75d,1,0,16.96740000625141,16.96740000625141,16.96740000625141,16.96740000625141,306.0,0.03385002476869071,0.0,17,17,17,17,17,17,17,17,17,17,17
GET,/analytics/wla?workspace_id=ws-9662e822,1,0,20.16400000138674,20.16400000138674,20.16400000138674,20.16400000138674,306.0,0.03385002476869071,0.0,20,20,20,20,20,20,20,20,20,20,20
GET,/analytics/wla?workspace_id=ws-a30c1f5c,3,0,8,8.77073333443453,6.840400004875846,11.13420000183396,306.0,0.10155007430607213,0.0,8,8,11,11,11,11,11,11,11,11,11
GET,/analytics/wla?workspace_id=ws-a3e42319,2,0,8,8.124649997625966,7.787399998051114,8.461899997200817,306.0,0.06770004953738142,0.0,8,8,8,8,8,8,8,8,8,8,8
GET,/analytics/wla?workspace_id=ws-ad3b55ee,1,0,7.051199994748458,7.051199994748458,7.051199994748458,7.051199994748458,306.0,0.03385002476869071,0.0,7,7,7,7,7,7,7,7,7,7,7
GET,/analytics/wla?workspace_id=ws-b9ab339b,3,0,10,10.540099998858446,8.20890000613872,13.842899992596358,306.0,0.10155007430607213,0.0,10,10,14,14,14,14,14,14,14,14,14
GET,/analytics/wla?workspace_id=ws-bb27463f,1,0,6.153499998617917,6.153499998617917,6.153499998617917,6.153499998617917,306.0,0.03385002476869071,0.0,6,6,6,6,6,6,6,6,6,6,6
GET,/analytics/wla?workspace_id=ws-bd712406,1,0,6.128400011220947,6.128400011220947,6.128400011220947,6.128400011220947,306.0,0.03385002476869071,0.0,6,6,6,6,6,6,6,6,6,6,6
GET,/analytics/wla?workspace_id=ws-bf136f06,3,0,17,237.35506666222742,7.199399988166988,687.4949000048218,306.0,0.10155007430607213,0.0,17,17,690,690,690,690,690,690,690,690,690
GET,/analytics/wla?workspace_id=ws-c0ceab4b,4,0,23,162.56202499425854,6.8681999982800335,595.9962999913841,306.0,0.13540009907476283,0.0,24,24,600,600,600,600,600,600,600,600,600
GET,/analytics/wla?workspace_id=ws-c56212cf,3,0,600,532.3158666675832,9.369999999762513,985.2339000062784,306.0,0.10155007430607213,0.0,600,600,990,990,990,990,990,990,990,990,990
GET,/analytics/wla?workspace_id=ws-c87421f9,2,0,9,9.700700000394136,8.949399998527952,10.45200000226032,306.0,0.06770004953738142,0.0,10,10,10,10,10,10,10,10,10,10,10
GET,/analytics/wla?workspace_id=ws-cb63a320,1,0,9.432299993932247,9.432299993932247,9.432299993932247,9.432299993932247,306.0,0.03385002476869071,0.0,9,9,9,9,9,9,9,9,9,9,9
GET,/analytics/wla?workspace_id=ws-cd2582f4,1,0,6.656300000031479,6.656300000031479,6.656300000031479,6.656300000031479,306.0,0.03385002476869071,0.0,7,7,7,7,7,7,7,7,7,7,7
GET,/analytics/wla?workspace_id=ws-ce242896,3,0,7,6.750799996855979,5.153099991730414,7.8622000000905246,306.0,0.10155007430607213,0.0,7,7,8,8,8,8,8,8,8,8,8
GET,/analytics/wla?workspace_id=ws-dc1834a3,3,0,6.338399995001964,13.217399997908311,6.338399995001964,26.946300000417978,306.0,0.10155007430607213,0.0,6,6,27,27,27,27,27,27,27,27,27
GET,/analytics/wla?workspace_id=ws-e3959602,1,0,5.5235000036191195,5.5235000036191195,5.5235000036191195,5.5235000036191195,306.0,0.03385002476869071,0.0,6,6,6,6,6,6,6,6,6,6,6
GET,/analytics/wla?workspace_id=ws-f285eb1c,1,0,5.7410000008530915,5.7410000008530915,5.7410000008530915,5.7410000008530915,306.0,0.03385002476869071,0.0,6,6,6,6,6,6,6,6,6,6,6
GET,/analytics/wla?workspace_id=ws-fe39d105,1,0,69.65959999070037,69.65959999070037,69.65959999070037,69.65959999070037,306.0,0.03385002476869071,0.0,70,70,70,70,70,70,70,70,70,70,70
GET,/context/feed?workspace_id=ws-04d153a1,1,0,9.175300001516007,9.175300001516007,9.175300001516007,9.175300001516007,2.0,0.03385002476869071,0.0,9,9,9,9,9,9,9,9,9,9,9
GET,/context/feed?workspace_id=ws-06ec755c,2,0,10,301.09559999982594,9.739700006321073,592.4514999933308,140.0,0.06770004953738142,0.0,590,590,590,590,590,590,590,590,590,590,590
GET,/context/feed?workspace_id=ws-07098149,1,0,5.285499995807186,5.285499995807186,5.285499995807186,5.285499995807186,2.0,0.03385002476869071,0.0,5,5,5,5,5,5,5,5,5,5,5
GET,/context/feed?workspace_id=ws-0fd28c26,2,0,11,12.858399997639935,10.856199995032512,14.86060000024736,2.0,0.06770004953738142,0.0,15,15,15,15,15,15,15,15,15,15,15
GET,/context/feed?workspace_id=ws-10486249,2,0,5.456600003526546,6.313900004897732,5.456600003526546,7.1712000062689185,2.0,0.06770004953738142,0.0,7,7,7,7,7,7,7,7,7,7,7
GET,/context/feed?workspace_id=ws-17367c2e,1,0,13.88030000089202,13.88030000089202,13.88030000089202,13.88030000089202,2.0,0.03385002476869071,0.0,14,14,14,14,14,14,14,14,14,14,14
GET,/context/feed?workspace_id=ws-1b3e66e2,3,0,5.0278999988222495,5.23323333375932,5.0278999988222495,5.394699997850694,2.0,0.10155007430607213,0.0,5,5,5,5,5,5,5,5,5,5,5
GET,/context/feed?workspace_id=ws-2520f839,3,0,7,6.279133337860306,4.368399997474626,7.781400010571815,278.0,0.10155007430607213,0.0,7,7,8,8,8,8,8,8,8,8,8
GET,/context/feed?workspace_id=ws-2964316b,2,0,5,4.87299999804236,4.6131999988574535,5.132799997227266,2.0,0.06770004953738142,0.0,5,5,5,5,5,5,5,5,5,5,5
GET,/context/feed?workspace_id=ws-35d387d5,1,0,17.249999989871867,17.249999989871867,17.249999989871867,17.249999989871867,2.0,0.03385002476869071,0.0,17,17,17,17,17,17,17,17,17,17,17
GET,/context/feed?workspace_id=ws-518c890e,4,0,6,67.19537499884609,5.440599998109974,247.46569999842905,71.0,0.13540009907476283,0.0,10,10,250,250,250,250,250,250,250,250,250
GET,/context/feed?workspace_id=ws-51f69d28,2,0,12,351.5585999994073,11.89949999388773,691.2177000049269,416.5,0.06770004953738142,0.0,690,690,690,690,690,690,690,690,690,690,690
GET,/context/feed?workspace_id=ws-8ba37e60,1,0,4.8749999987194315,4.8749999987194315,4.8749999987194315,4.8749999987194315,278.0,0.03385002476869071,0.0,5,5,5,5,5,5,5,5,5,5,5
GET,/context/feed?workspace_id=ws-8c84b75d,1,0,14.880299990181811,14.880299990181811,14.880299990181811,14.880299990181811,2.0,0.03385002476869071,0.0,15,15,15,15,15,15,15,15,15,15,15
GET,/context/feed?workspace_id=ws-a30c1f5c,5,0,8,11.196559999370947,5.43150000157766,29.352199999266304,2.0,0.16925012384345356,0.0,8,8,8,29,29,29,29,29,29,29,29
GET,/context/feed?workspace_id=ws-ad3b55ee,2,0,8,10.932550001598429,7.617800001753494,14.247300001443364,2.0,0.06770004953738142,0.0,14,14,14,14,14,14,14,14,14,14,14
GET,/context/feed?workspace_id=ws-af61a297,2,0,9.355100002721883,330.3327000030549,9.355100002721883,651.310300003388,278.0,0.06770004953738142,0.0,650,650,650,650,650,650,650,650,650,650,650
GET,/context/feed?workspace_id=ws-b9ab339b,2,0,4.880799999227747,4.721199999039527,4.561599998851307,4.880799999227747,2.0,0.06770004953738142,0.0,5,5,5,5,5,5,5,5,5,5,5
GET,/context/feed?workspace_id=ws-bb27463f,2,0,10,14.793449998251162,9.880500001600012,19.706399994902313,2.0,0.06770004953738142,0.0,20,20,20,20,20,20,20,20,20,20,20
GET,/context/feed?workspace_id=ws-bd712406,1,0,7.378599999356084,7.378599999356084,7.378599999356084,7.378599999356084,2.0,0.03385002476869071,0.0,7,7,7,7,7,7,7,7,7,7,7
GET,/context/feed?workspace_id=ws-c0ceab4b,1,0,18.047099991235882,18.047099991235882,18.047099991235882,18.047099991235882,2.0,0.03385002476869071,0.0,18,18,18,18,18,18,18,18,18,18,18
GET,/context/feed?workspace_id=ws-c56212cf,1,0,16.059100002166815,16.059100002166815,16.059100002166815,16.059100002166815,278.0,0.03385002476869071,0.0,16,16,16,16,16,16,16,16,16,16,16
GET,/context/feed?workspace_id=ws-cd2582f4,2,0,7.4034999997820705,10.080700005346444,7.4034999997820705,12.757900010910816,2.0,0.06770004953738142,0.0,13,13,13,13,13,13,13,13,13,13,13
GET,/context/feed?workspace_id=ws-ce242896,1,0,5.363299991586246,5.363299991586246,5.363299991586246,5.363299991586246,2.0,0.03385002476869071,0.0,5,5,5,5,5,5,5,5,5,5,5
GET,/context/feed?workspace_id=ws-dc1834a3,2,0,6,6.123749990365468,5.99159998819232,6.255899992538616,2.0,0.06770004953738142,0.0,6,6,6,6,6,6,6,6,6,6,6
GET,/context/feed?workspace_id=ws-e3959602,1,0,26.276600008714013,26.276600008714013,26.276600008714013,26.276600008714013,2.0,0.03385002476869071,0.0,26,26,26,26,26,26,26,26,26,26,26
GET,/context/feed?workspace_id=ws-e93a3e95,2,0,29.04780000972096,343.4257500048261,29.04780000972096,657.8036999999313,2.0,0.06770004953738142,0.0,660,660,660,660,660,660,660,660,660,660,660
GET,/context/feed?workspace_id=ws-eb5ad9ff,1,0,12.47069999226369,12.47069999226369,12.47069999226369,12.47069999226369,2.0,0.03385002476869071,0.0,12,12,12,12,12,12,12,12,12,12,12
GET,/context/feed?workspace_id=ws-f285eb1c,1,0,504.06659999862313,504.06659999862313,504.06659999862313,504.06659999862313,2.0,0.03385002476869071,0.0,500,500,500,500,500,500,500,500,500,500,500
GET,/context/feed?workspace_id=ws-fc72b6ff,2,0,630,806.0771000018576,628.3133999968413,983.8408000068739,278.0,0.06770004953738142,0.0,980,980,980,980,980,980,980,980,980,980,980
GET,/context/feed?workspace_id=ws-fe39d105,1,0,4.9079000018537045,4.9079000018537045,4.9079000018537045,4.9079000018537045,2.0,0.03385002476869071,0.0,5,5,5,5,5,5,5,5,5,5,5
POST,/context/share?workspace_id=ws-06ec755c,1,0,10.496700007934123,10.496700007934123,10.496700007934123,10.496700007934123,276.0,0.03385002476869071,0.0,10,10,10,10,10,10,10,10,10,10,10
POST,/context/share?workspace_id=ws-07098149,1,0,13.8670999876922,13.8670999876922,13.8670999876922,13.8670999876922,276.0,0.03385002476869071,0.0,14,14,14,14,14,14,14,14,14,14,14
POST,/context/share?workspace_id=ws-17367c2e,1,0,12.053200000082143,12.053200000082143,12.053200000082143,12.053200000082143,276.0,0.03385002476869071,0.0,12,12,12,12,12,12,12,12,12,12,12
POST,/context/share?workspace_id=ws-1b3e66e2,1,0,7.275700001628138,7.275700001628138,7.275700001628138,7.275700001628138,276.0,0.03385002476869071,0.0,7,7,7,7,7,7,7,7,7,7,7
POST,/context/share?workspace_id=ws-216e3b4d,1,0,5.276299998513423,5.276299998513423,5.276299998513423,5.276299998513423,276.0,0.03385002476869071,0.0,5,5,5,5,5,5,5,5,5,5,5
POST,/context/share?workspace_id=ws-2520f839,1,0,6.366999994497746,6.366999994497746,6.366999994497746,6.366999994497746,276.0,0.03385002476869071,0.0,6,6,6,6,6,6,6,6,6,6,6
POST,/context/share?workspace_id=ws-2964316b,1,0,16.751399991335347,16.751399991335347,16.751399991335347,16.751399991335347,276.0,0.03385002476869071,0.0,17,17,17,17,17,17,17,17,17,17,17
POST,/context/share?workspace_id=ws-2a18c926,1,0,17.740900002536364,17.740900002536364,17.740900002536364,17.740900002536364,276.0,0.03385002476869071,0.0,18,18,18,18,18,18,18,18,18,18,18
POST,/context/share?workspace_id=ws-2b0a3ffd,1,0,7.41909998760093,7.41909998760093,7.41909998760093,7.41909998760093,276.0,0.03385002476869071,0.0,7,7,7,7,7,7,7,7,7,7,7
POST,/context/share?workspace_id=ws-518c890e,1,0,13.961400007246993,13.961400007246993,13.961400007246993,13.961400007246993,276.0,0.03385002476869071,0.0,14,14,14,14,14,14,14,14,14,14,14
POST,/context/share?workspace_id=ws-51f69d28,2,0,7,11.49154999438906,6.540399990626611,16.44269999815151,276.0,0.06770004953738142,0.0,16,16,16,16,16,16,16,16,16,16,16
POST,/context/share?workspace_id=ws-610d8013,1,0,6.553400002303533,6.553400002303533,6.553400002303533,6.553400002303533,276.0,0.03385002476869071,0.0,7,7,7,7,7,7,7,7,7,7,7
POST,/context/share?workspace_id=ws-8ba37e60,2,0,13.262299995403737,358.741199997894,13.262299995403737,704.2201000003843,276.0,0.06770004953738142,0.0,700,700,700,700,700,700,700,700,700,700,700
POST,/context/share?workspace_id=ws-a3e42319,1,0,12.620800000149757,12.620800000149757,12.620800000149757,12.620800000149757,276.0,0.03385002476869071,0.0,13,13,13,13,13,13,13,13,13,13,13
POST,/context/share?workspace_id=ws-af61a297,1,0,18.32540000032168,18.32540000032168,18.32540000032168,18.32540000032168,276.0,0.03385002476869071,0.0,18,18,18,18,18,18,18,18,18,18,18
POST,/context/share?workspace_id=ws-b99c20c9,1,0,5.194299999857321,5.194299999857321,5.194299999857321,5.194299999857321,276.0,0.03385002476869071,0.0,5,5,5,5,5,5,5,5,5,5,5
POST,/context/share?workspace_id=ws-bf136f06,1,0,660.0956999900518,660.0956999900518,660.0956999900518,660.0956999900518,276.0,0.03385002476869071,0.0,660,660,660,660,660,660,660,660,660,660,660
POST,/context/share?workspace_id=ws-c0ceab4b,1,0,13.637200012453832,13.637200012453832,13.637200012453832,13.637200012453832,276.0,0.03385002476869071,0.0,14,14,14,14,14,14,14,14,14,14,14
POST,/context/share?workspace_id=ws-c56212cf,1,0,8.913500001654029,8.913500001654029,8.913500001654029,8.913500001654029,276.0,0.03385002476869071,0.0,9,9,9,9,9,9,9,9,9,9,9
POST,/context/share?workspace_id=ws-ce242896,1,0,5.99829999555368,5.99829999555368,5.99829999555368,5.99829999555368,276.0,0.03385002476869071,0.0,6,6,6,6,6,6,6,6,6,6,6
POST,/context/share?workspace_id=ws-e3959602,1,0,14.069600001676008,14.069600001676008,14.069600001676008,14.069600001676008,276.0,0.03385002476869071,0.0,14,14,14,14,14,14,14,14,14,14,14
POST,/context/share?workspace_id=ws-e93a3e95,1,0,6.5264000004390255,6.5264000004390255,6.5264000004390255,6.5264000004390255,276.0,0.03385002476869071,0.0,7,7,7,7,7,7,7,7,7,7,7
POST,/context/share?workspace_id=ws-fc72b6ff,1,0,7.056000002194196,7.056000002194196,7.056000002194196,7.056000002194196,276.0,0.03385002476869071,0.0,7,7,7,7,7,7,7,7,7,7,7
POST,/context/share?workspace_id=ws-fe39d105,1,0,8.104199994704686,8.104199994704686,8.104199994704686,8.104199994704686,276.0,0.03385002476869071,0.0,8,8,8,8,8,8,8,8,8,8,8
GET,/member/,99,0,8,114.06198181808723,4.5190999953774735,1021.1910999933025,394.3131313131313,3.35115245210038,0.0,8,12,24,33,660,850,990,1000,1000,1000,1000
GET,/progress/?workspace_id=ws-06ec755c,1,0,6.20639999397099,6.20639999397099,6.20639999397099,6.20639999397099,98.0,0.03385002476869071,0.0,6,6,6,6,6,6,6,6,6,6,6
GET,/progress/?workspace_id=ws-07098149,4,0,6,9.224175002600532,5.220999999437481,18.940800000564195,85.5,0.13540009907476283,0.0,6,6,19,19,19,19,19,19,19,19,19
GET,/progress/?workspace_id=ws-10486249,1,0,70.609999995213,70.609999995213,70.609999995213,70.609999995213,96.0,0.03385002476869071,0.0,71,71,71,71,71,71,71,71,71,71,71
GET,/progress/?workspace_id=ws-1b3e66e2,2,0,5,9.80015000095591,4.852400001254864,14.747900000656955,82.0,0.06770004953738142,0.0,15,15,15,15,15,15,15,15,15,15,15
GET,/progress/?workspace_id=ws-2964316b,1,0,10.873999999603257,10.873999999603257,10.873999999603257,10.873999999603257,82.0,0.03385002476869071,0.0,11,11,11,11,11,11,11,11,11,11,11
GET,/progress/?workspace_id=ws-2b0a3ffd,1,0,566.1099999997532,566.1099999997532,566.1099999997532,566.1099999997532,96.0,0.03385002476869071,0.0,570,570,570,570,570,570,570,570,570,570,570
GET,/progress/?workspace_id=ws-2bdca799,1,0,5.817500001285225,5.817500001285225,5.817500001285225,5.817500001285225,96.0,0.03385002476869071,0.0,6,6,6,6,6,6,6,6,6,6,6
GET,/progress/?workspace_id=ws-39c6ea01,1,0,14.918199987732805,14.918199987732805,14.918199987732805,14.918199987732805,82.0,0.03385002476869071,0.0,15,15,15,15,15,15,15,15,15,15,15
GET,/progress/?workspace_id=ws-4597f80e,1,0,13.335299998288974,13.335299998288974,13.335299998288974,13.335299998288974,82.0,0.03385002476869071,0.0,13,13,13,13,13,13,13,13,13,13,13
GET,/progress/?workspace_id=ws-515d9d60,1,0,6.648599999607541,6.648599999607541,6.648599999607541,6.648599999607541,82.0,0.03385002476869071,0.0,7,7,7,7,7,7,7,7,7,7,7
GET,/progress/?workspace_id=ws-51f69d28,1,0,11.476100000436418,11.476100000436418,11.476100000436418,11.476100000436418,96.0,0.03385002476869071,0.0,11,11,11,11,11,11,11,11,11,11,11
GET,/progress/?workspace_id=ws-8c84b75d,1,0,644.8731999989832,644.8731999989832,644.8731999989832,644.8731999989832,96.0,0.03385002476869071,0.0,640,640,640,640,640,640,640,640,640,640,640
GET,/progress/?workspace_id=ws-9662e822,1,0,12.029299992718734,12.029299992718734,12.029299992718734,12.029299992718734,82.0,0.03385002476869071,0.0,12,12,12,12,12,12,12,12,12,12,12
GET,/progress/?workspace_id=ws-a30c1f5c,3,0,7,10.58743333366389,6.292699996265583,18.05210000020452,82.0,0.10155007430607213,0.0,7,7,18,18,18,18,18,18,18,18,18
GET,/progress/?workspace_id=ws-a3e42319,4,0,9,149.3205000006128,6.508200007374398,561.8740000063553,96.0,0.13540009907476283,0.0,20,20,560,560,560,560,560,560,560,560,560
GET,/progress/?workspace_id=ws-af61a297,1,0,7.2170999919762835,7.2170999919762835,7.2170999919762835,7.2170999919762835,82.0,0.03385002476869071,0.0,7,7,7,7,7,7,7,7,7,7,7
GET,/progress/?workspace_id=ws-b99c20c9,4,0,8,8.574449999287026,4.441099998075515,11.747700002160855,82.0,0.13540009907476283,0.0,10,10,12,12,12,12,12,12,12,12,12
GET,/progress/?workspace_id=ws-b9ab339b,1,0,9.295900003053248,9.295900003053248,9.295900003053248,9.295900003053248,82.0,0.03385002476869071,0.0,9,9,9,9,9,9,9,9,9,9,9
GET,/progress/?workspace_id=ws-bb27463f,2,0,5,8.637200000521261,4.8349999997299165,12.439400001312606,82.0,0.06770004953738142,0.0,12,12,12,12,12,12,12,12,12,12,12
GET,/progress/?workspace_id=ws-bd712406,3,0,10.816599999088794,9.147166672240322,5.971900012809783,10.816599999088794,82.0,0.10155007430607213,0.0,11,11,11,11,11,11,11,11,11,11,11
GET,/progress/?workspace_id=ws-bf136f06,2,0,5.285000006551854,5.443000001832843,5.285000006551854,5.600999997113831,96.0,0.06770004953738142,0.0,6,6,6,6,6,6,6,6,6,6,6
GET,/progress/?workspace_id=ws-c0ceab4b,1,0,4.92790000862442,4.92790000862442,4.92790000862442,4.92790000862442,82.0,0.03385002476869071,0.0,5,5,5,5,5,5,5,5,5,5,5
GET,/progress/?workspace_id=ws-c56212cf,1,0,5.71009999839589,5.71009999839589,5.71009999839589,5.71009999839589,100.0,0.03385002476869071,0.0,6,6,6,6,6,6,6,6,6,6,6
GET,/progress/?workspace_id=ws-c87421f9,1,0,17.781800008378923,17.781800008378923,17.781800008378923,17.781800008378923,82.0,0.03385002476869071,0.0,18,18,18,18,18,18,18,18,18,18,18
GET,/progress/?workspace_id=ws-cb63a320,1,0,12.3299999977462,12.3299999977462,12.3299999977462,12.3299999977462,82.0,0.03385002476869071,0.0,12,12,12,12,12,12,12,12,12,12,12
GET,/progress/?workspace_id=ws-cd2582f4,2,0,7,8.622449997346848,6.648599999607541,10.596299995086156,91.0,0.06770004953738142,0.0,11,11,11,11,11,11,11,11,11,11,11
GET,/progress/?workspace_id=ws-ce242896,2,0,7,9.564949999912642,6.948599999304861,12.181300000520423,89.0,0.06770004953738142,0.0,12,12,12,12,12,12,12,12,12,12,12
GET,/progress/?workspace_id=ws-dc1834a3,2,0,6.18870000471361,6.249500002013519,6.18870000471361,6.310299999313429,82.0,0.06770004953738142,0.0,6,6,6,6,6,6,6,6,6,6,6
GET,/progress/?workspace_id=ws-e3959602,1,0,11.42989999789279,11.42989999789279,11.42989999789279,11.42989999789279,82.0,0.03385002476869071,0.0,11,11,11,11,11,11,11,11,11,11,11
GET,/progress/?workspace_id=ws-e93a3e95,1,0,5.132999998750165,5.132999998750165,5.132999998750165,5.132999998750165,96.0,0.03385002476869071,0.0,5,5,5,5,5,5,5,5,5,5,5
GET,/progress/?workspace_id=ws-fc72b6ff,2,0,5.025000005844049,5.594050002400763,5.025000005844049,6.1630999989574775,96.0,0.06770004953738142,0.0,6,6,6,6,6,6,6,6,6,6,6
GET,/task/ [GET],111,0,10,74.39830810825869,4.564500006381422,814.2133000073954,96.8108108108108,3.7573527493246686,0.0,10,12,15,18,31,650,700,700,810,810,810
POST,/task/ [POST],44,0,9,56.49837045579757,4.666200009523891,698.1746000092244,156.0,1.4894010898223913,0.0,9,12,16,17,28,590,700,700,700,700,700
GET,/task/?workspace_id=demo-workspace-123,20,0,7,36.060774997167755,3.3149999944726005,587.9859999986365,42.0,0.6770004953738142,0.0,7,8,9,9,19,590,590,590,590,590,590
PATCH,/task/{id} [PATCH],8,0,9,195.02929999907792,5.685099997208454,849.0153000020655,162.0,0.27080019814952566,0.0,10,17,650,650,850,850,850,850,850,850,850
GET,/timeline/?workspace_id=ws-06ec755c,2,0,54,337.67230000376003,53.75819999608211,621.586400011438,695.5,0.06770004953738142,0.0,620,620,620,620,620,620,620,620,620,620,620
GET,/timeline/?workspace_id=ws-07098149,6,0,10,108.84955000074115,5.090999999083579,602.781399997184,322.3333333333333,0.20310014861214426,0.0,10,10,17,17,600,600,600,600,600,600,600
GET,/timeline/?workspace_id=ws-0fd28c26,1,0,10.075899990624748,10.075899990624748,10.075899990624748,10.075899990624748,509.0,0.03385002476869071,0.0,10,10,10,10,10,10,10,10,10,10,10
GET,/timeline/?workspace_id=ws-10486249,1,0,994.064200000139,994.064200000139,994.064200000139,994.064200000139,789.0,0.03385002476869071,0.0,990,990,990,990,990,990,990,990,990,990,990
GET,/timeline/?workspace_id=ws-17367c2e,1,0,6.839399997261353,6.839399997261353,6.839399997261353,6.839399997261353,595.0,0.03385002476869071,0.0,7,7,7,7,7,7,7,7,7,7,7
GET,/timeline/?workspace_id=ws-1b3e66e2,2,0,12,13.735349995840807,11.649299995042384,15.82139999663923,412.0,0.06770004953738142,0.0,16,16,16,16,16,16,16,16,16,16,16
GET,/timeline/?workspace_id=ws-216e3b4d,1,0,15.571800002362579,15.571800002362579,15.571800002362579,15.571800002362579,789.0,0.03385002476869071,0.0,16,16,16,16,16,16,16,16,16,16,16
GET,/timeline/?workspace_id=ws-2964316b,3,0,9,9.006399995996617,8.191500004613772,9.99039999442175,229.0,0.10155007430607213,0.0,9,9,10,10,10,10,10,10,10,10,10
GET,/timeline/?workspace_id=ws-2a18c926,1,0,11.292899987893179,11.292899987893179,11.292899987893179,11.292899987893179,595.0,0.03385002476869071,0.0,11,11,11,11,11,11,11,11,11,11,11
GET,/timeline/?workspace_id=ws-2b0a3ffd,2,0,12,333.46209999581333,11.771799996495247,655.1523999951314,875.0,0.06770004953738142,0.0,660,660,660,660,660,660,660,660,660,660,660
GET,/timeline/?workspace_id=ws-2bdca799,2,0,8,310.4327499968349,7.570799993118271,613.2947000005515,509.0,0.06770004953738142,0.0,610,610,610,610,610,610,610,610,610,610,610
GET,/timeline/?workspace_id=ws-35d387d5,1,0,8.721499994862825,8.721499994862825,8.721499994862825,8.721499994862825,229.0,0.03385002476869071,0.0,9,9,9,9,9,9,9,9,9,9,9
GET,/timeline/?workspace_id=ws-4597f80e,2,0,5.443300004117191,5.593200003204402,5.443300004117191,5.743100002291612,229.0,0.06770004953738142,0.0,6,6,6,6,6,6,6,6,6,6,6
GET,/timeline/?workspace_id=ws-4b0e6cb1,1,0,8.202299999538809,8.202299999538809,8.202299999538809,8.202299999538809,789.0,0.03385002476869071,0.0,8,8,8,8,8,8,8,8,8,8,8
GET,/timeline/?workspace_id=ws-515d9d60,1,0,21.421299999929033,21.421299999929033,21.421299999929033,21.421299999929033,229.0,0.03385002476869071,0.0,21,21,21,21,21,21,21,21,21,21,21
GET,/timeline/?workspace_id=ws-518c890e,2,0,6,15.006950001406949,5.67600000067614,24.337900002137758,552.0,0.06770004953738142,0.0,24,24,24,24,24,24,24,24,24,24,24
GET,/timeline/?workspace_id=ws-51f69d28,1,0,8.307699987199157,8.307699987199157,8.307699987199157,8.307699987199157,1241.0,0.03385002476869071,0.0,8,8,8,8,8,8,8,8,8,8,8
GET,/timeline/?workspace_id=ws-6440dfa7,6,0,7,10.303500001706803,6.390900001861155,19.745700003113598,229.0,0.20310014861214426,0.0,10,10,11,11,20,20,20,20,20,20,20
GET,/timeline/?workspace_id=ws-8c84b75d,1,0,77.72390000172891,77.72390000172891,77.72390000172891,77.72390000172891,229.0,0.03385002476869071,0.0,78,78,78,78,78,78,78,78,78,78,78
GET,/timeline/?workspace_id=ws-9b70df79,1,0,6.823799994890578,6.823799994890578,6.823799994890578,6.823799994890578,509.0,0.03385002476869071,0.0,7,7,7,7,7,7,7,7,7,7,7
GET,/timeline/?workspace_id=ws-a30c1f5c,3,0,6,8.298399993994584,5.659199989167973,13.363899997784756,229.0,0.10155007430607213,0.0,6,6,13,13,13,13,13,13,13,13,13
GET,/timeline/?workspace_id=ws-a3e42319,1,0,5.147399991983548,5.147399991983548,5.147399991983548,5.147399991983548,789.0,0.03385002476869071,0.0,5,5,5,5,5,5,5,5,5,5,5
GET,/timeline/?workspace_id=ws-ad3b55ee,1,0,27.858899993589148,27.858899993589148,27.858899993589148,27.858899993589148,789.0,0.03385002476869071,0.0,28,28,28,28,28,28,28,28,28,28,28
GET,/timeline/?workspace_id=ws-af61a297,1,0,6.217499991180375,6.217499991180375,6.217499991180375,6.217499991180375,875.0,0.03385002476869071,0.0,6,6,6,6,6,6,6,6,6,6,6
GET,/timeline/?workspace_id=ws-b99c20c9,1,0,12.108499999158084,12.108499999158084,12.108499999158084,12.108499999158084,595.0,0.03385002476869071,0.0,12,12,12,12,12,12,12,12,12,12,12
GET,/timeline/?workspace_id=ws-b9ab339b,2,0,5.229000002145767,328.97809999849414,5.229000002145767,652.7271999948425,229.0,0.06770004953738142,0.0,650,650,650,650,650,650,650,650,650,650,650
GET,/timeline/?workspace_id=ws-bb27463f,2,0,4.2508000042289495,5.727100004150998,4.2508000042289495,7.203400004073046,509.0,0.06770004953738142,0.0,7,7,7,7,7,7,7,7,7,7,7
GET,/timeline/?workspace_id=ws-bf136f06,1,0,7.320000004256144,7.320000004256144,7.320000004256144,7.320000004256144,229.0,0.03385002476869071,0.0,7,7,7,7,7,7,7,7,7,7,7
GET,/timeline/?workspace_id=ws-c0ceab4b,1,0,7.576500007417053,7.576500007417053,7.576500007417053,7.576500007417053,229.0,0.03385002476869071,0.0,8,8,8,8,8,8,8,8,8,8,8
GET,/timeline/?workspace_id=ws-c56212cf,1,0,40.24139999819454,40.24139999819454,40.24139999819454,40.24139999819454,516.0,0.03385002476869071,0.0,40,40,40,40,40,40,40,40,40,40,40
GET,/timeline/?workspace_id=ws-cd2582f4,2,0,6,317.139450009563,5.6908000115072355,628.5881000076188,372.5,0.06770004953738142,0.0,630,630,630,630,630,630,630,630,630,630,630
GET,/timeline/?workspace_id=ws-ce242896,4,0,6,9.148249999270774,5.213299999013543,16.158999991603196,665.0,0.13540009907476283,0.0,9,9,16,16,16,16,16,16,16,16,16
GET,/timeline/?workspace_id=ws-dc1834a3,2,0,13.031900001806207,412.42694999527885,13.031900001806207,811.8219999887515,229.0,0.06770004953738142,0.0,810,810,810,810,810,810,810,810,810,810,810
GET,/timeline/?workspace_id=ws-e5a27a77,3,0,6.637500002398156,6.059433338426364,4.935600009048358,6.637500002398156,978.0,0.10155007430607213,0.0,7,7,7,7,7,7,7,7,7,7,7
GET,/timeline/?workspace_id=ws-eb5ad9ff,1,0,12.232600012794137,12.232600012794137,12.232600012794137,12.232600012794137,509.0,0.03385002476869071,0.0,12,12,12,12,12,12,12,12,12,12,12
GET,/timeline/?workspace_id=ws-f285eb1c,2,0,11.284899999736808,12.660200001846533,11.284899999736808,14.035500003956258,229.0,0.06770004953738142,0.0,14,14,14,14,14,14,14,14,14,14,14
GET,/timeline/?workspace_id=ws-fc72b6ff,1,0,5.779600003734231,5.779600003734231,5.779600003734231,5.779600003734231,509.0,0.03385002476869071,0.0,6,6,6,6,6,6,6,6,6,6,6
GET,/timeline/?workspace_id=ws-fe39d105,1,0,6.750099986675195,6.750099986675195,6.750099986675195,6.750099986675195,595.0,0.03385002476869071,0.0,7,7,7,7,7,7,7,7,7,7,7
POST,/workspace/create,50,0,36,102.69186199991964,19.051000010222197,587.5101999990875,163.0,1.6925012384345355,0.0,37,78,90,94,570,580,590,590,590,590,590
,Aggregated,773,1,9,91.96115743825865,2.8319999983068556,7398.829899990233,213.21733505821476,26.16606914619792,0.03385002476869071,9,12,17,24,570,650,800,980,7400,7400,7400
